<application>
  <component name="StringManipulationState">
    <option name="grepHistory">
      <list>
        <GrepSettings>
          <option name="pattern" value=".*ulate" />
          <option name="regex" value="true" />
        </GrepSettings>
      </list>
    </option>
    <option name="sortSettings">
      <SortSettings>
        <option name="hierarchicalSort" value="true" />
        <option name="preserveLeadingSpaces" value="false" />
      </SortSettings>
    </option>
  </component>
</application>